{
    "adult_content/vigintile_0014": 0.00028062725252730254,
    "adult_content/vigintile_0015": 0.0006453711775091959,
    "adult_content/vigintile_0016": 0.0008062683457294231,
    "adult_content/vigintile_0017": 0.001597949447479231,
    "adult_content/vigintile_0018": 0.005165999414952199,
    "adult_content/vigintile_0020": 0.0008124434133724596,
    "art_and_design/vigintile_0013": 4.142241937926601e-05,
    "art_and_design/vigintile_0014": 0.0010335077705020306,
    "art_and_design/vigintile_0015": 0.0011245125860712432,
    "art_and_design/vigintile_0016": 0.0012335966235353412,
    "art_and_design/vigintile_0017": 0.0013432287431173794,
    "art_and_design/vigintile_0018": 0.004158452084362529,
    "art_and_design/vigintile_0020": 0.01075188798974211,
    "crime_and_law/vigintile_0013": 0.0005777427095207939,
    "crime_and_law/vigintile_0014": 0.001352652154500053,
    "crime_and_law/vigintile_0015": 0.0014723995345096129,
    "crime_and_law/vigintile_0016": 0.0016234835646596539,
    "crime_and_law/vigintile_0017": 0.0017596548112690674,
    "crime_and_law/vigintile_0018": 0.005580540449707582,
    "crime_and_law/vigintile_0020": 0.014958994667950252,
    "education_and_jobs/vigintile_0013": 0.0017154515199337354,
    "education_and_jobs/vigintile_0014": 0.0023218215664479775,
    "education_and_jobs/vigintile_0015": 0.00254186647644116,
    "education_and_jobs/vigintile_0016": 0.002675504028309193,
    "education_and_jobs/vigintile_0017": 0.0038098182738355237,
    "education_and_jobs/vigintile_0018": 0.008538914922042356,
    "education_and_jobs/vigintile_0020": 0.02436985578794602,
    "electronics_and_hardware/vigintile_0013": 0.0006730034172827079,
    "electronics_and_hardware/vigintile_0014": 0.001193878637250544,
    "electronics_and_hardware/vigintile_0015": 0.0013136595430654813,
    "electronics_and_hardware/vigintile_0016": 0.0014508227136596791,
    "electronics_and_hardware/vigintile_0017": 0.0018680678289659453,
    "electronics_and_hardware/vigintile_0018": 0.004591646634456117,
    "electronics_and_hardware/vigintile_0020": 0.01277472514748047,
    "entertainment/vigintile_0014": 0.002900244652145274,
    "entertainment/vigintile_0015": 0.004078562483848149,
    "entertainment/vigintile_0016": 0.0045323428786783115,
    "entertainment/vigintile_0017": 0.0049025964641013185,
    "entertainment/vigintile_0018": 0.013183294565519877,
    "entertainment/vigintile_0020": 0.041267345787554095,
    "fashion_and_beauty/vigintile_0013": 5.020987202301744e-05,
    "fashion_and_beauty/vigintile_0014": 0.0013189409871573962,
    "fashion_and_beauty/vigintile_0015": 0.0015012168296850547,
    "fashion_and_beauty/vigintile_0016": 0.0017554758412288048,
    "fashion_and_beauty/vigintile_0017": 0.0020409323466025484,
    "fashion_and_beauty/vigintile_0018": 0.005568888824717951,
    "fashion_and_beauty/vigintile_0020": 0.014788445371997005,
    "finance_and_business/vigintile_0013": 0.004694325771138404,
    "finance_and_business/vigintile_0014": 0.005257637787988989,
    "finance_and_business/vigintile_0015": 0.005557546209006656,
    "finance_and_business/vigintile_0016": 0.00571130134650014,
    "finance_and_business/vigintile_0017": 0.01001660905164274,
    "finance_and_business/vigintile_0018": 0.01621933798297159,
    "finance_and_business/vigintile_0020": 0.05119953257643861,
    "food_and_dining/vigintile_0013": 0.0012234023595016309,
    "food_and_dining/vigintile_0014": 0.0016267594167903047,
    "food_and_dining/vigintile_0015": 0.0017970652874533684,
    "food_and_dining/vigintile_0016": 0.0018935356863896207,
    "food_and_dining/vigintile_0017": 0.0032286762468862256,
    "food_and_dining/vigintile_0018": 0.005338568738789699,
    "food_and_dining/vigintile_0020": 0.01618247465261685,
    "games/vigintile_0013": 0.00022204346559349708,
    "games/vigintile_0014": 0.002045239167648525,
    "games/vigintile_0015": 0.00216198680102198,
    "games/vigintile_0016": 0.002283656347279213,
    "games/vigintile_0017": 0.0024593054851378515,
    "games/vigintile_0018": 0.00740650711011343,
    "games/vigintile_0020": 0.021600168147252626,
    "health/vigintile_0013": 0.0016591325680621798,
    "health/vigintile_0014": 0.004119890059627276,
    "health/vigintile_0015": 0.0043578452795798575,
    "health/vigintile_0016": 0.0046835383098039855,
    "health/vigintile_0017": 0.006294748014606219,
    "health/vigintile_0018": 0.015196234560303003,
    "health/vigintile_0020": 0.040068945495919654,
    "history_and_geography/vigintile_0014": 0.00012124011354852135,
    "history_and_geography/vigintile_0015": 0.0013778037608937364,
    "history_and_geography/vigintile_0016": 0.0015631603565720157,
    "history_and_geography/vigintile_0017": 0.001789416939829097,
    "history_and_geography/vigintile_0018": 0.004682093956984599,
    "history_and_geography/vigintile_0020": 0.01167119552843641,
    "home_and_hobbies/vigintile_0013": 0.0004895398946268507,
    "home_and_hobbies/vigintile_0014": 0.0035730323889285407,
    "home_and_hobbies/vigintile_0015": 0.004043213558003739,
    "home_and_hobbies/vigintile_0016": 0.004646723522119442,
    "home_and_hobbies/vigintile_0017": 0.005198265476992715,
    "home_and_hobbies/vigintile_0018": 0.01483468531518976,
    "home_and_hobbies/vigintile_0020": 0.039860485568778796,
    "industrial/vigintile_0012": 9.933425544244158e-05,
    "industrial/vigintile_0013": 0.0006838439700877597,
    "industrial/vigintile_0014": 0.0007365299735286887,
    "industrial/vigintile_0015": 0.0007905008204061618,
    "industrial/vigintile_0016": 0.0008503975739657694,
    "industrial/vigintile_0017": 0.0013659915712564653,
    "industrial/vigintile_0018": 0.0026803789424439703,
    "industrial/vigintile_0020": 0.008104660076149335,
    "literature/vigintile_0015": 0.0016763542493391371,
    "literature/vigintile_0016": 0.002761406232009098,
    "literature/vigintile_0017": 0.003407882399641712,
    "literature/vigintile_0018": 0.007995736225223067,
    "literature/vigintile_0020": 0.024418132799808603,
    "politics/vigintile_0013": 0.0020032685601149938,
    "politics/vigintile_0014": 0.004236831304854056,
    "politics/vigintile_0015": 0.004554390500802975,
    "politics/vigintile_0016": 0.004766224816695718,
    "politics/vigintile_0017": 0.006449895618504431,
    "politics/vigintile_0018": 0.01526845726120705,
    "politics/vigintile_0020": 0.04233457561451611,
    "religion/vigintile_0014": 0.0009909112423348346,
    "religion/vigintile_0015": 0.002240919407383828,
    "religion/vigintile_0016": 0.0024706642034177245,
    "religion/vigintile_0017": 0.002714711246789071,
    "religion/vigintile_0018": 0.00761545697134741,
    "religion/vigintile_0020": 0.019726187867385826,
    "science_math_and_technology/vigintile_0014": 0.0020042201065152013,
    "science_math_and_technology/vigintile_0015": 0.0032791773852352173,
    "science_math_and_technology/vigintile_0016": 0.0037152141068423354,
    "science_math_and_technology/vigintile_0017": 0.0041646507276224525,
    "science_math_and_technology/vigintile_0018": 0.012100977146025226,
    "science_math_and_technology/vigintile_0020": 0.028223809555444908,
    "social_life/vigintile_0013": 3.417147102139683e-05,
    "social_life/vigintile_0014": 0.002081114557291859,
    "social_life/vigintile_0015": 0.0023018862297711014,
    "social_life/vigintile_0016": 0.0026154064445717442,
    "social_life/vigintile_0017": 0.0028440503479352027,
    "social_life/vigintile_0018": 0.00817901973400362,
    "social_life/vigintile_0020": 0.02253710368571475,
    "software/vigintile_0013": 0.0005922498949617882,
    "software/vigintile_0014": 0.0014344879332803461,
    "software/vigintile_0015": 0.0015055987139750893,
    "software/vigintile_0016": 0.001570212866460223,
    "software/vigintile_0017": 0.0023524424596005227,
    "software/vigintile_0018": 0.00461097719662267,
    "software/vigintile_0020": 0.013032580068029929,