{"adult_content/vigintile_0014": 0.000224585439588196, "adult_content/vigintile_0015": 0.0004214451709142031, "adult_content/vigintile_0016": 0.0005265154574768823, "adult_content/vigintile_0017": 0.0009405102154106399, "adult_content/vigintile_0018": 0.002700512202949955, "adult_content/vigintile_0020": 0.00041281994464455445, "art_and_design/vigintile_0013": 0.0007151739543621206, "art_and_design/vigintile_0014": 0.001303793524644263, "art_and_design/vigintile_0015": 0.0014185981663093657, "art_and_design/vigintile_0016": 0.0015562101569948908, "art_and_design/vigintile_0017": 0.0016945135657197756, "art_and_design/vigintile_0018": 0.0031953771932739013, "art_and_design/vigintile_0020": 0.0062081743837750425, "crime_and_law/vigintile_0013": 0.0019743367156841948, "crime_and_law/vigintile_0014": 0.0024978598581562217, "crime_and_law/vigintile_0015": 0.0027189900080252486, "crime_and_law/vigintile_0016": 0.0029979876297454725, "crime_and_law/vigintile_0017": 0.003249446727791608, "crime_and_law/vigintile_0018": 0.005303750079154702, "crime_and_law/vigintile_0020": 0.00953777786531815, "education_and_jobs/vigintile_0013": 0.0034738887571955763, "education_and_jobs/vigintile_0014": 0.003996268592405192, "education_and_jobs/vigintile_0015": 0.004375005087677593, "education_and_jobs/vigintile_0016": 0.004605019124506941, "education_and_jobs/vigintile_0017": 0.0052699561036453485, "education_and_jobs/vigintile_0018": 0.007700116966052842, "education_and_jobs/vigintile_0020": 0.015004757020626147, "electronics_and_hardware/vigintile_0013": 0.0023403150268502967, "electronics_and_hardware/vigintile_0014": 0.0028133606508242304, "electronics_and_hardware/vigintile_0015": 0.003095622914864649, "electronics_and_hardware/vigintile_0016": 0.0034188462768143155, "electronics_and_hardware/vigintile_0017": 0.0037381429141910266, "electronics_and_hardware/vigintile_0018": 0.005100330110175296, "electronics_and_hardware/vigintile_0020": 0.008688341537421353, "entertainment/vigintile_0014": 0.007953214989753894, "entertainment/vigintile_0015": 0.009239289358770773, "entertainment/vigintile_0016": 0.010267251634640425, "entertainment/vigintile_0017": 0.011105998135495279, "entertainment/vigintile_0018": 0.01579110053154667, "entertainment/vigintile_0020": 0.029067714980995845, "fashion_and_beauty/vigintile_0013": 3.1928626243982984e-05, "fashion_and_beauty/vigintile_0014": 0.0006669542071083528, "fashion_and_beauty/vigintile_0015": 0.0007591263673579561, "fashion_and_beauty/vigintile_0016": 0.0008876985469289276, "fashion_and_beauty/vigintile_0017": 0.0010320464889970488, "fashion_and_beauty/vigintile_0018": 0.002795179977745321, "fashion_and_beauty/vigintile_0020": 0.007402789153906381, "finance_and_business/vigintile_0013": 0.005112555460277295, "finance_and_business/vigintile_0014": 0.005509888775367306, "finance_and_business/vigintile_0015": 0.005824186204980736, "finance_and_business/vigintile_0016": 0.005985318207677034, "finance_and_business/vigintile_0017": 0.008080210543857672, "finance_and_business/vigintile_0018": 0.011033768521750672, "finance_and_business/vigintile_0020": 0.028117353214659555, "food_and_dining/vigintile_0013": 0.0014869193480147019, "food_and_dining/vigintile_0014": 0.0017749385449097824, "food_and_dining/vigintile_0015": 0.0019607573274195616, "food_and_dining/vigintile_0016": 0.002066015073431337, "food_and_dining/vigintile_0017": 0.002750623725432737, "food_and_dining/vigintile_0018": 0.0037074658340382457, "food_and_dining/vigintile_0020": 0.00894160089500932, "games/vigintile_0013": 0.004232433972948909, "games/vigintile_0014": 0.005453397688770234, "games/vigintile_0015": 0.0057646919784939115, "games/vigintile_0016": 0.006089109989281265, "games/vigintile_0017": 0.006557458443381182, "games/vigintile_0018": 0.009523651616307539, "games/vigintile_0020": 0.01592513307084381, "health/vigintile_0013": 0.006940304950346796, "health/vigintile_0014": 0.00876285075203782, "health/vigintile_0015": 0.009268972529059569, "health/vigintile_0016": 0.009961709319004683, "health/vigintile_0017": 0.011183397233962286, "health/vigintile_0018": 0.015732214717768922, "health/vigintile_0020": 0.02605163433643085, "history_and_geography/vigintile_0014": 0.0018678738024309122, "history_and_geography/vigintile_0015": 0.002768563701843944, "history_and_geography/vigintile_0016": 0.003141019894269613, "history_and_geography/vigintile_0017": 0.003595660664957057, "history_and_geography/vigintile_0018": 0.00512151142398823, "history_and_geography/vigintile_0020": 0.007657104073013046, "home_and_hobbies/vigintile_0013": 0.0007418010402419233, "home_and_hobbies/vigintile_0014": 0.002339906704207212, "home_and_hobbies/vigintile_0015": 0.0026478188499577176, "home_and_hobbies/vigintile_0016": 0.0030430453291427147, "home_and_hobbies/vigintile_0017": 0.0034042390092947515, "home_and_hobbies/vigintile_0018": 0.008195148804894315, "home_and_hobbies/vigintile_0020": 0.020564247068356186, "industrial/vigintile_0012": 0.000864447425241014, "industrial/vigintile_0013": 0.0012029845202811062, "industrial/vigintile_0014": 0.001295667134074982, "industrial/vigintile_0015": 0.0013906099809523624, "industrial/vigintile_0016": 0.0014959773900384632, "industrial/vigintile_0017": 0.0018126696038762628, "industrial/vigintile_0018": 0.0024505647062561973, "industrial/vigintile_0020": 0.005015782014045856, "literature/vigintile_0015": 0.006012110065160663, "literature/vigintile_0016": 0.007381202874608878, "literature/vigintile_0017": 0.009109225246537917, "literature/vigintile_0018": 0.012949931149948454, "literature/vigintile_0020": 0.018802932989986344, "politics/vigintile_0013": 0.002335849821485988, "politics/vigintile_0014": 0.00357633063342819, "politics/vigintile_0015": 0.0038443839493810337, "politics/vigintile_0016": 0.004023194361839648, "politics/vigintile_0017": 0.004957848544938078, "politics/vigintile_0018": 0.009362779170186075, "politics/vigintile_0020": 0.022558266765013494, "religion/vigintile_0014": 0.0018856344385204838, "religion/vigintile_0015": 0.0026636599043908912, "religion/vigintile_0016": 0.002936745138702102, "religion/vigintile_0017": 0.003226830682194411, "religion/vigintile_0018": 0.005774561595816302, "religion/vigintile_0020": 0.011274595403089704, "science_math_and_technology/vigintile_0014": 0.015737552301426164, "science_math_and_technology/vigintile_0015": 0.018176398457105083, "science_math_and_technology/vigintile_0016": 0.020593339129343916, "science_math_and_technology/vigintile_0017": 0.02308455510847835, "science_math_and_technology/vigintile_0018": 0.02683406478788219, "science_math_and_technology/vigintile_0020": 0.02744516891456107, "social_life/vigintile_0013": 0.0002739377978225203, "social_life/vigintile_0014": 0.001325530051296305, "social_life/vigintile_0015": 0.0014661467632984498, "social_life/vigintile_0016": 0.0016658380609019404, "social_life/vigintile_0017": 0.0018114688546955991, "social_life/vigintile_0018": 0.0044829332628432035, "social_life/vigintile_0020": 0.011593662224071004, "software/vigintile_0013": 0.0032997284098994703, "software/vigintile_0014": 0.004101788917811915, "software/vigintile_0015": 0.0043051237841594085, "software/vigintile_0016": 0.004489882127850219, "software/vigintile_0017": 0.004857902234178814, "software/vigintile_0018": 0.005884740459727223, "software/vigintile_0020": 0.00927960219796895, "software_development/vigintile_0013": 0.00683832448735883, "software_development/vigintile_0014": 0.0078333615233038, "software_development/vigintile_0015": 0.008490455299638903, "software_development/vigintile_0016": 0.009225023356717623, "software_development/vigintile_0017": 0.009923281482135017, "software_development/vigintile_0018": 0.011509802715996947, "software_development/vigintile_0020": 0.012681398661352376, "sports_and_fitness/vigintile_0013": 0.0021281479860552565, "sports_and_fitness/vigintile_0014": 0.002565317909239613, "sports_and_fitness/vigintile_0015": 0.0027253244226211337,