{"adult_content/vigintile_0014": 0.0002853849349989621, "adult_content/vigintile_0015": 0.0004685105305504813, "adult_content/vigintile_0016": 0.0005853146585840027, "adult_content/vigintile_0017": 0.0008825496538453141, "adult_content/vigintile_0018": 0.0014459196267925414, "adult_content/vigintile_0020": 0.00013587373069453125, "art_and_design/vigintile_0013": 0.0003147510292301271, "art_and_design/vigintile_0014": 0.001673709681411418, "art_and_design/vigintile_0015": 0.0018210870357193236, "art_and_design/vigintile_0016": 0.001997742707599198, "art_and_design/vigintile_0017": 0.0021752859686904806, "art_and_design/vigintile_0018": 0.0039980876289112685, "art_and_design/vigintile_0020": 0.00555122848171957, "crime_and_law/vigintile_0013": 0.001831268835727864, "crime_and_law/vigintile_0014": 0.002912974153649607, "crime_and_law/vigintile_0015": 0.003170853477446664, "crime_and_law/vigintile_0016": 0.0034962171516123635, "crime_and_law/vigintile_0017": 0.0037894657303573385, "crime_and_law/vigintile_0018": 0.006950255763826867, "crime_and_law/vigintile_0020": 0.010297420288963079, "education_and_jobs/vigintile_0013": 0.003931394048979658, "education_and_jobs/vigintile_0014": 0.004761494738805277, "education_and_jobs/vigintile_0015": 0.0052127536539493475, "education_and_jobs/vigintile_0016": 0.005486811966319974, "education_and_jobs/vigintile_0017": 0.0066446582239720175, "education_and_jobs/vigintile_0018": 0.010044194254517542, "education_and_jobs/vigintile_0020": 0.015383771752830145, "electronics_and_hardware/vigintile_0013": 0.002155074142771101, "electronics_and_hardware/vigintile_0014": 0.00301877818783855, "electronics_and_hardware/vigintile_0015": 0.0033216498320003123, "electronics_and_hardware/vigintile_0016": 0.003668473348767577, "electronics_and_hardware/vigintile_0017": 0.0042473565339180485, "electronics_and_hardware/vigintile_0018": 0.006659435688606692, "electronics_and_hardware/vigintile_0020": 0.010061368573457533, "entertainment/vigintile_0014": 0.008059391269955288, "entertainment/vigintile_0015": 0.010056457095907122, "entertainment/vigintile_0016": 0.011175337360619337, "entertainment/vigintile_0017": 0.01208826668587983, "entertainment/vigintile_0018": 0.02043703733762043, "entertainment/vigintile_0020": 0.03462151773297852, "fashion_and_beauty/vigintile_0013": 3.43501913727655e-05, "fashion_and_beauty/vigintile_0014": 0.00018437252848815412, "fashion_and_beauty/vigintile_0015": 0.00020985256004101585, "fashion_and_beauty/vigintile_0016": 0.00024539499697009563, "fashion_and_beauty/vigintile_0017": 0.0002852984787646672, "fashion_and_beauty/vigintile_0018": 0.00045375527482811867, "fashion_and_beauty/vigintile_0020": 0.0006605217287070761, "finance_and_business/vigintile_0013": 0.0066863631560111535, "finance_and_business/vigintile_0014": 0.007222660140739147, "finance_and_business/vigintile_0015": 0.007634658206354247, "finance_and_business/vigintile_0016": 0.007845878748314179, "finance_and_business/vigintile_0017": 0.010294121176231349, "finance_and_business/vigintile_0018": 0.012780198211498825, "finance_and_business/vigintile_0020": 0.02106930390278671, "food_and_dining/vigintile_0013": 0.0019202942041075051, "food_and_dining/vigintile_0014": 0.002320996835776115, "food_and_dining/vigintile_0015": 0.002563982604195995, "food_and_dining/vigintile_0016": 0.002701622803703113, "food_and_dining/vigintile_0017": 0.0035545199265205794, "food_and_dining/vigintile_0018": 0.004368919141150246, "food_and_dining/vigintile_0020": 0.006884140774488742, "games/vigintile_0013": 0.001775280484128041, "games/vigintile_0014": 0.005586463982339444, "games/vigintile_0015": 0.0059053540462404, "games/vigintile_0016": 0.006237688058157006, "games/vigintile_0017": 0.006717464505673628, "games/vigintile_0018": 0.012184508570386247, "games/vigintile_0020": 0.01952551640896965, "health/vigintile_0013": 0.005908977709884887, "health/vigintile_0014": 0.00975212638501821, "health/vigintile_0015": 0.010315386410253523, "health/vigintile_0016": 0.01108632921394392, "health/vigintile_0017": 0.013198808216730742, "health/vigintile_0018": 0.020632299408254562, "health/vigintile_0020": 0.028815406185832757, "history_and_geography/vigintile_0014": 0.000868675726237384, "history_and_geography/vigintile_0015": 0.0031413403624626452, "history_and_geography/vigintile_0016": 0.0035639463764534545, "history_and_geography/vigintile_0017": 0.0040798028122040145, "history_and_geography/vigintile_0018": 0.0066958187215143935, "history_and_geography/vigintile_0020": 0.008556535654345533, "home_and_hobbies/vigintile_0013": 0.0009153997215517116, "home_and_hobbies/vigintile_0014": 0.002609511902247666, "home_and_hobbies/vigintile_0015": 0.0029529018364436955, "home_and_hobbies/vigintile_0016": 0.0033936665043949, "home_and_hobbies/vigintile_0017": 0.0037964770975175526, "home_and_hobbies/vigintile_0018": 0.006303761982878315, "home_and_hobbies/vigintile_0020": 0.0093291556854129, "industrial/vigintile_0012": 0.0005279523554177675, "industrial/vigintile_0013": 0.001424035479237539, "industrial/vigintile_0014": 0.0015337487200364386, "industrial/vigintile_0015": 0.0016461375165453193, "industrial/vigintile_0016": 0.0017708664106950802, "industrial/vigintile_0017": 0.0023052896135265758, "industrial/vigintile_0018": 0.003201532642785459, "industrial/vigintile_0020": 0.005185700018460453, "literature/vigintile_0015": 0.005465353401633757, "literature/vigintile_0016": 0.007554118855184859, "literature/vigintile_0017": 0.009322622797391177, "literature/vigintile_0018": 0.015700581845124708, "literature/vigintile_0020": 0.02354784973153529, "politics/vigintile_0013": 0.003033943837840695, "politics/vigintile_0014": 0.004612237234429216, "politics/vigintile_0015": 0.0049579338747493, "politics/vigintile_0016": 0.005188537844789597, "politics/vigintile_0017": 0.006204233555111657, "politics/vigintile_0018": 0.00953374588456863, "politics/vigintile_0020": 0.01424074918121413, "religion/vigintile_0014": 0.002178099238816658, "religion/vigintile_0015": 0.0034510337493974513, "religion/vigintile_0016": 0.0038048425665503332, "religion/vigintile_0017": 0.004180676958603918, "religion/vigintile_0018": 0.0071821867219944826, "religion/vigintile_0020": 0.009792356179768045, "science_math_and_technology/vigintile_0014": 0.010085077657062045, "science_math_and_technology/vigintile_0015": 0.013665743732813724, "science_math_and_technology/vigintile_0016": 0.015482896449958271, "science_math_and_technology/vigintile_0017": 0.01735589231513386, "science_math_and_technology/vigintile_0018": 0.02943034218111388, "science_math_and_technology/vigintile_0020": 0.035999876416992205, "social_life/vigintile_0013": 0.00017385945663634604, "social_life/vigintile_0014": 0.001429139521945605, "social_life/vigintile_0015": 0.0015807474770966618, "social_life/vigintile_0016": 0.001796047556724925, "social_life/vigintile_0017": 0.0019530615171547852, "social_life/vigintile_0018": 0.0033289377294696523, "social_life/vigintile_0020": 0.005023303543179737, "software/vigintile_0013": 0.0024751341733265206, "software/vigintile_0014": 0.00408906058203925, "software/vigintile_0015": 0.004291764476265793, "software/vigintile_0016": 0.004475949492980883, "software/vigintile_0017": 0.005461444632032585, "software/vigintile_0018": 0.007539066411080631, "software/vigintile_0020": 0.01113666426609329, "software_development/vigintile_0013": 0.0022818078623588396, "software_development/vigintile_0014": 0.005377783348367387, "software_development/vigintile_0015": 0.005828893380526399, "software_development/vigintile_0016": 0.006333191293223071, "software_development/vigintile_0017": 0.007056120078018908, "software_development/vigintile_0018": 0.011971969990038156, "software_development/vigintile_0020": 0.016569247825038578, "sports_and_fitness/vigintile_0013": 0.002731673817491715, "sports_and_fitness/vigintile_0014": 0.0032121670412511303, "sports_and_fitness/vigintile_0015": 0.0034125194602704066,