{
    "adult_content/vigintile_0014": 0.00016854362664908942,
    "adult_content/vigintile_0015": 0.00019751916431921031,
    "adult_content/vigintile_0016": 0.0002467625692243415,
    "adult_content/vigintile_0017": 0.000283070983342049,
    "adult_content/vigintile_0018": 0.00023502499094771144,
    "adult_content/vigintile_0020": 1.3196475916649328e-05,
    "art_and_design/vigintile_0013": 0.0013889254893449752,
    "art_and_design/vigintile_0014": 0.0015740792787864953,
    "art_and_design/vigintile_0015": 0.0017126837465474881,
    "art_and_design/vigintile_0016": 0.00187882369045444,
    "art_and_design/vigintile_0017": 0.002045798388322172,
    "art_and_design/vigintile_0018": 0.002232302302185274,
    "art_and_design/vigintile_0020": 0.0016644607778079758,
    "crime_and_law/vigintile_0013": 0.0033709307218475954,
    "crime_and_law/vigintile_0014": 0.0036430675618123903,
    "crime_and_law/vigintile_0015": 0.003965580481540884,
    "crime_and_law/vigintile_0016": 0.004372491694831291,
    "crime_and_law/vigintile_0017": 0.004739238644314149,
    "crime_and_law/vigintile_0018": 0.005026959708601822,
    "crime_and_law/vigintile_0020": 0.004116561062686048,
    "education_and_jobs/vigintile_0013": 0.005232325994457417,
    "education_and_jobs/vigintile_0014": 0.005670715618362406,
    "education_and_jobs/vigintile_0015": 0.006208143698914026,
    "education_and_jobs/vigintile_0016": 0.00653453422070469,
    "education_and_jobs/vigintile_0017": 0.006730093933455174,
    "education_and_jobs/vigintile_0018": 0.006861319010063328,
    "education_and_jobs/vigintile_0020": 0.005639658253306272,
    "electronics_and_hardware/vigintile_0013": 0.004007626636417886,
    "electronics_and_hardware/vigintile_0014": 0.004432842664397917,
    "electronics_and_hardware/vigintile_0015": 0.0048775862866638165,
    "electronics_and_hardware/vigintile_0016": 0.005386869839968952,
    "electronics_and_hardware/vigintile_0017": 0.005608217999416108,
    "electronics_and_hardware/vigintile_0018": 0.005609013585894476,
    "electronics_and_hardware/vigintile_0020": 0.004601957927362237,
    "entertainment/vigintile_0014": 0.013006185327362514,
    "entertainment/vigintile_0015": 0.014400016233693398,
    "entertainment/vigintile_0016": 0.016002160390602538,
    "entertainment/vigintile_0017": 0.01730939980688924,
    "entertainment/vigintile_0018": 0.018398906497573465,
    "entertainment/vigintile_0020": 0.016868084174437595,
    "fashion_and_beauty/vigintile_0013": 1.3647380464948527e-05,
    "fashion_and_beauty/vigintile_0014": 1.4967427059309315e-05,
    "fashion_and_beauty/vigintile_0015": 1.703590503085734e-05,
    "fashion_and_beauty/vigintile_0016": 1.9921252629050547e-05,
    "fashion_and_beauty/vigintile_0017": 2.3160631391549323e-05,
    "fashion_and_beauty/vigintile_0018": 2.1471130772690906e-05,
    "fashion_and_beauty/vigintile_0020": 1.713293581575586e-05,
    "finance_and_business/vigintile_0013": 0.005530785149416187,
    "finance_and_business/vigintile_0014": 0.005762139762745624,
    "finance_and_business/vigintile_0015": 0.006090826200954815,
    "finance_and_business/vigintile_0016": 0.006259335068853929,
    "finance_and_business/vigintile_0017": 0.006143812036072604,
    "finance_and_business/vigintile_0018": 0.005848199060529753,
    "finance_and_business/vigintile_0020": 0.005035173852880499,
    "food_and_dining/vigintile_0013": 0.0017504363365277726,
    "food_and_dining/vigintile_0014": 0.0019231176730292604,
    "food_and_dining/vigintile_0015": 0.0021244493673857547,
    "food_and_dining/vigintile_0016": 0.002238494460473053,
    "food_and_dining/vigintile_0017": 0.0022725712039792486,
    "food_and_dining/vigintile_0018": 0.0020763629292867925,
    "food_and_dining/vigintile_0020": 0.0017007271374017859,
    "games/vigintile_0013": 0.00824282448030432,
    "games/vigintile_0014": 0.008861556209891944,
    "games/vigintile_0015": 0.009367397155965844,
    "games/vigintile_0016": 0.009894563631283318,
    "games/vigintile_0017": 0.010655611401624512,
    "games/vigintile_0018": 0.011640796122501648,
    "games/vigintile_0020": 0.010250097994434998,
    "health/vigintile_0013": 0.012221477332631412,
    "health/vigintile_0014": 0.013405811444448362,
    "health/vigintile_0015": 0.014180099778539281,
    "health/vigintile_0016": 0.015239880328205379,
    "health/vigintile_0017": 0.016072046453318355,
    "health/vigintile_0018": 0.01626819487523484,
    "health/vigintile_0020": 0.012034323176942044,
    "history_and_geography/vigintile_0014": 0.0036145074913133033,
    "history_and_geography/vigintile_0015": 0.004159323642794152,
    "history_and_geography/vigintile_0016": 0.00471887943196721,
    "history_and_geography/vigintile_0017": 0.005401904390085017,
    "history_and_geography/vigintile_0018": 0.005560928890991862,
    "history_and_geography/vigintile_0020": 0.0036430126175896822,
    "home_and_hobbies/vigintile_0013": 0.000994062185856996,
    "home_and_hobbies/vigintile_0014": 0.0011067810194858834,
    "home_and_hobbies/vigintile_0015": 0.001252424141911696,
    "home_and_hobbies/vigintile_0016": 0.0014393671361659878,
    "home_and_hobbies/vigintile_0017": 0.0016102125415967882,
    "home_and_hobbies/vigintile_0018": 0.0015556122945988697,
    "home_and_hobbies/vigintile_0020": 0.0012680085679335768,
    "industrial/vigintile_0012": 0.0016295605950395863,
    "industrial/vigintile_0013": 0.0017221250704744526,
    "industrial/vigintile_0014": 0.0018548042946212753,
    "industrial/vigintile_0015": 0.001990719141498563,
    "industrial/vigintile_0016": 0.002141557206111157,
    "industrial/vigintile_0017": 0.0022593476364960604,
    "industrial/vigintile_0018": 0.002220750470068425,
    "industrial/vigintile_0020": 0.001926903951942378,
    "literature/vigintile_0015": 0.010347865880982188,
    "literature/vigintile_0016": 0.01200099951720866,
    "literature/vigintile_0017": 0.014810568093434121,
    "literature/vigintile_0018": 0.01790412607467384,
    "literature/vigintile_0020": 0.013187733180164083,
    "politics/vigintile_0013": 0.0026684310828569823,
    "politics/vigintile_0014": 0.0029158299620023246,
    "politics/vigintile_0015": 0.0031343773979590926,
    "politics/vigintile_0016": 0.003280163906983578,
    "politics/vigintile_0017": 0.0034658014713717248,
    "politics/vigintile_0018": 0.003457101079165101,
    "politics/vigintile_0020": 0.0027819579155108783,
    "religion/vigintile_0014": 0.002780357634706133,
    "religion/vigintile_0015": 0.0030864004013979544,
    "religion/vigintile_0016": 0.00340282607398648,
    "religion/vigintile_0017": 0.003738950117599751,
    "religion/vigintile_0018": 0.003933666220285193,
    "religion/vigintile_0020": 0.0028230029387935835,
    "science_math_and_technology/vigintile_0014": 0.029470884496337123,
    "science_math_and_technology/vigintile_0015": 0.033073619528974946,
    "science_math_and_technology/vigintile_0016": 0.0374714641518455,
    "science_math_and_technology/vigintile_0017": 0.04200445948933425,
    "science_math_and_technology/vigintile_0018": 0.04156715242973916,
    "science_math_and_technology/vigintile_0020": 0.02666652827367724,
    "social_life/vigintile_0013": 0.0005137041246236438,
    "social_life/vigintile_0014": 0.0005699455453007507,
    "social_life/vigintile_0015": 0.0006304072968257985,
    "social_life/vigintile_0016": 0.0007162696772321364,
    "social_life/vigintile_0017": 0.0007788873614559958,
    "social_life/vigintile_0018": 0.0007868467916827869,
    "social_life/vigintile_0020": 0.0006502207624272576,
    "software/vigintile_0013": 0.006007206924837152,
    "software/vigintile_0014": 0.0067690899023434845,
    "software/vigintile_0015": 0.007104648854343728,
    "software/vigintile_0016": 0.007409551389240215,
    "software/vigintile_0017": 0.007363362008757106,
    "software/vigintile_0018": 0.0071585037228317746,
    "software/vigintile_0020": 0.0055266243279079716,
    "software_development/vigintile_0013": 0.013451870058678022,