{"adult_content/vigintile_0011": 8.159759214506315e-07, "adult_content/vigintile_0012": 1.5871485481568277e-06, "adult_content/vigintile_0013": 3.4453282996227904e-06, "adult_content/vigintile_0014": 7.791049875320727e-06, "adult_content/vigintile_0015": 2.0965811054559732e-05, "adult_content/vigintile_0016": 7.236908348395618e-05, "adult_content/vigintile_0017": 0.0002773466716295787, "adult_content/vigintile_0018": 0.0007225705500420118, "adult_content/vigintile_0020": 6.768499510659983e-05, "art_and_design/vigintile_0010": 2.277535388089647e-06, "art_and_design/vigintile_0011": 4.406663017978158e-06, "art_and_design/vigintile_0012": 8.998448497894833e-06, "art_and_design/vigintile_0013": 1.9832976949114765e-05, "art_and_design/vigintile_0014": 4.85225661459409e-05, "art_and_design/vigintile_0015": 0.000123762025871428, "art_and_design/vigintile_0016": 0.00034479257599587086, "art_and_design/vigintile_0017": 0.0010395501268197103, "art_and_design/vigintile_0018": 0.003445617531766892, "art_and_design/vigintile_0020": 0.006845829943289716, "crime_and_law/vigintile_0009": 1.9074750539330678e-05, "crime_and_law/vigintile_0010": 3.155917476308987e-05, "crime_and_law/vigintile_0011": 5.341263877113266e-05, "crime_and_law/vigintile_0012": 9.491018549858005e-05, "crime_and_law/vigintile_0013": 0.0001758830119687961, "crime_and_law/vigintile_0014": 0.0003392355802562456, "crime_and_law/vigintile_0015": 0.0006924908378052632, "crime_and_law/vigintile_0016": 0.0015220492258058082, "crime_and_law/vigintile_0017": 0.00350443828044385, "crime_and_law/vigintile_0018": 0.008328204009596265, "crime_and_law/vigintile_0020": 0.014337180125372145, "education_and_jobs/vigintile_0009": 2.0777104932595237e-05, "education_and_jobs/vigintile_0010": 3.573408165191719e-05, "education_and_jobs/vigintile_0011": 6.389997371050592e-05, "education_and_jobs/vigintile_0012": 0.00011919853984113555, "education_and_jobs/vigintile_0013": 0.0002369973359226297, "education_and_jobs/vigintile_0014": 0.0004914799217512683, "education_and_jobs/vigintile_0015": 0.001091858964898619, "education_and_jobs/vigintile_0016": 0.0024514680246853645, "education_and_jobs/vigintile_0017": 0.005549813592709962, "education_and_jobs/vigintile_0018": 0.012674092772855155, "education_and_jobs/vigintile_0020": 0.021659779786131098, "electronics_and_hardware/vigintile_0009": 0.00017052989616647373, "electronics_and_hardware/vigintile_0010": 0.00023989018938228084, "electronics_and_hardware/vigintile_0011": 0.0003429632750332828, "electronics_and_hardware/vigintile_0012": 0.0005025477412066484, "electronics_and_hardware/vigintile_0013": 0.0007548341050855706, "electronics_and_hardware/vigintile_0014": 0.0012008586049936888, "electronics_and_hardware/vigintile_0015": 0.0019731171885072557, "electronics_and_hardware/vigintile_0016": 0.003391206440667743, "electronics_and_hardware/vigintile_0017": 0.005664518697959602, "electronics_and_hardware/vigintile_0018": 0.009169897053536455, "electronics_and_hardware/vigintile_0020": 0.01162601247157376, "entertainment/vigintile_0010": 0.00028663043728902125, "entertainment/vigintile_0011": 0.00043579545797255056, "entertainment/vigintile_0012": 0.0006890651612887101, "entertainment/vigintile_0013": 0.0011401131738073933, "entertainment/vigintile_0014": 0.0019523535134989226, "entertainment/vigintile_0015": 0.0035171403527363703, "entertainment/vigintile_0016": 0.006709298810428273, "entertainment/vigintile_0017": 0.013112551672047853, "entertainment/vigintile_0018": 0.026267112468656238, "entertainment/vigintile_0020": 0.04481466708082218, "fashion_and_beauty/vigintile_0010": 3.832087139502047e-06, "fashion_and_beauty/vigintile_0011": 4.64725683620616e-06, "fashion_and_beauty/vigintile_0012": 5.712230510841229e-06, "fashion_and_beauty/vigintile_0013": 7.2179244767512465e-06, "fashion_and_beauty/vigintile_0014": 9.06875461829003e-06, "fashion_and_beauty/vigintile_0015": 1.2018031419046678e-05, "fashion_and_beauty/vigintile_0016": 1.6754375039794372e-05, "fashion_and_beauty/vigintile_0017": 2.3910148984691462e-05, "fashion_and_beauty/vigintile_0018": 2.738742921727586e-05, "fashion_and_beauty/vigintile_0020": 2.6231270991068002e-05, "finance_and_business/vigintile_0009": 2.5811075579269765e-05, "finance_and_business/vigintile_0010": 4.541772525750806e-05, "finance_and_business/vigintile_0011": 8.309393598867648e-05, "finance_and_business/vigintile_0012": 0.00015926446273667184, "finance_and_business/vigintile_0013": 0.00032791022328641453, "finance_and_business/vigintile_0014": 0.000665466056233473, "finance_and_business/vigintile_0015": 0.0014172284137641436, "finance_and_business/vigintile_0016": 0.003018430914137464, "finance_and_business/vigintile_0017": 0.006146968509736279, "finance_and_business/vigintile_0018": 0.011835052304335424, "finance_and_business/vigintile_0020": 0.01924860587823116, "food_and_dining/vigintile_0009": 1.3212950312232284e-05, "food_and_dining/vigintile_0010": 2.1660579831053667e-05, "food_and_dining/vigintile_0011": 3.6773705587355966e-05, "food_and_dining/vigintile_0012": 6.510632846342418e-05, "food_and_dining/vigintile_0013": 0.000122628161347047, "food_and_dining/vigintile_0014": 0.00024286141106692608, "food_and_dining/vigintile_0015": 0.0005137755447600613, "food_and_dining/vigintile_0016": 0.0010887918714571581, "food_and_dining/vigintile_0017": 0.0022730558682881436, "food_and_dining/vigintile_0018": 0.004143936511230332, "food_and_dining/vigintile_0020": 0.006166894898014161, "games/vigintile_0010": 0.0005699220080916373, "games/vigintile_0011": 0.0008091991727978841, "games/vigintile_0012": 0.0011840960014678746, "games/vigintile_0013": 0.0017458152446941956, "games/vigintile_0014": 0.002619838781097288, "games/vigintile_0015": 0.00395086802015585, "games/vigintile_0016": 0.006074840519089304, "games/vigintile_0017": 0.009768279880844116, "games/vigintile_0018": 0.016491278858013707, "games/vigintile_0020": 0.02219077134640606, "health/vigintile_0010": 0.00037289676644722416, "health/vigintile_0011": 0.0005815308570458126, "health/vigintile_0012": 0.0009309109219310084, "health/vigintile_0013": 0.001554802585240358, "health/vigintile_0014": 0.0027008052545710827, "health/vigintile_0015": 0.0046830164430690675, "health/vigintile_0016": 0.00852978665524302, "health/vigintile_0017": 0.015765481375156105, "health/vigintile_0018": 0.028456680232662068, "health/vigintile_0020": 0.03469161091477735, "history_and_geography/vigintile_0011": 3.888894416655067e-05, "history_and_geography/vigintile_0012": 6.769647706112945e-05, "history_and_geography/vigintile_0013": 0.00012564605651107456, "history_and_geography/vigintile_0014": 0.000250599956279392, "history_and_geography/vigintile_0015": 0.0005437985970839559, "history_and_geography/vigintile_0016": 0.0012733001858193343, "history_and_geography/vigintile_0017": 0.003333782055928124, "history_and_geography/vigintile_0018": 0.008356606028204781, "history_and_geography/vigintile_0020": 0.01131971787904388, "home_and_hobbies/vigintile_0009": 1.7477141524380725e-05, "home_and_hobbies/vigintile_0010": 2.539043398724103e-05, "home_and_hobbies/vigintile_0011": 3.8561650917336774e-05, "home_and_hobbies/vigintile_0012": 6.049829628302862e-05, "home_and_hobbies/vigintile_0013": 0.00010006532240945842, "home_and_hobbies/vigintile_0014": 0.00017310704887306874, "home_and_hobbies/vigintile_0015": 0.0003214900617784751, "home_and_hobbies/vigintile_0016": 0.0006507753306725017, "home_and_hobbies/vigintile_0017": 0.001381994920439777, "home_and_hobbies/vigintile_0018": 0.002583801738535604, "home_and_hobbies/vigintile_0020": 0.0037770515255714445, "industrial/vigintile_0009": 1.1574718603330203e-05, "industrial/vigintile_0010": 1.98468676507008e-05, "industrial/vigintile_0011": 3.4220044509174796e-05, "industrial/vigintile_0012": 6.0452598647703705e-05, "industrial/vigintile_0013": 0.00011115822016903248, "industrial/vigintile_0014": 0.00021634757802889654,