{
    "adult_content/vigintile_0013": 6.426399635176281e-09,
    "adult_content/vigintile_0014": 5.0347716867864205e-08,
    "adult_content/vigintile_0015": 4.289692072088161e-07,
    "adult_content/vigintile_0016": 5.552215535697809e-06,
    "adult_content/vigintile_0017": 9.442790048780327e-05,
    "adult_content/vigintile_0018": 0.0009053840921453375,
    "adult_content/vigintile_0020": 0.00013826785835221398,
    "art_and_design/vigintile_0012": 3.5936494398497354e-08,
    "art_and_design/vigintile_0013": 2.0706537940855118e-07,
    "art_and_design/vigintile_0014": 1.1232101939158151e-06,
    "art_and_design/vigintile_0015": 6.295874774858678e-06,
    "art_and_design/vigintile_0016": 3.9601007964577276e-05,
    "art_and_design/vigintile_0017": 0.0002817336705490593,
    "art_and_design/vigintile_0018": 0.0023317776216757024,
    "art_and_design/vigintile_0020": 0.009836299280810465,
    "crime_and_law/vigintile_0011": 4.185843278353245e-08,
    "crime_and_law/vigintile_0012": 2.134823971690667e-07,
    "crime_and_law/vigintile_0013": 9.446028768068969e-07,
    "crime_and_law/vigintile_0014": 4.298378523946291e-06,
    "crime_and_law/vigintile_0015": 2.1321564601424097e-05,
    "crime_and_law/vigintile_0016": 0.00012075625876992712,
    "crime_and_law/vigintile_0017": 0.0007639148734400276,
    "crime_and_law/vigintile_0018": 0.0052571241342087354,
    "crime_and_law/vigintile_0020": 0.023066214715696132,
    "education_and_jobs/vigintile_0011": 9.451720050691412e-08,
    "education_and_jobs/vigintile_0012": 4.83766369688993e-07,
    "education_and_jobs/vigintile_0013": 2.197564632076475e-06,
    "education_and_jobs/vigintile_0014": 1.0289354518323043e-05,
    "education_and_jobs/vigintile_0015": 5.315090658660358e-05,
    "education_and_jobs/vigintile_0016": 0.0002850013980885681,
    "education_and_jobs/vigintile_0017": 0.001560696178497113,
    "education_and_jobs/vigintile_0018": 0.008676781955639009,
    "education_and_jobs/vigintile_0020": 0.03228809507149861,
    "electronics_and_hardware/vigintile_0011": 3.1023790198895667e-06,
    "electronics_and_hardware/vigintile_0012": 1.067534055947655e-05,
    "electronics_and_hardware/vigintile_0013": 3.0165455163881442e-05,
    "electronics_and_hardware/vigintile_0014": 8.79647224294731e-05,
    "electronics_and_hardware/vigintile_0015": 0.0002690834027947479,
    "electronics_and_hardware/vigintile_0016": 0.0008903030485636272,
    "electronics_and_hardware/vigintile_0017": 0.002921017484582319,
    "electronics_and_hardware/vigintile_0018": 0.009242444704926328,
    "electronics_and_hardware/vigintile_0020": 0.02106935840612427,
    "entertainment/vigintile_0012": 2.2138991801392083e-06,
    "entertainment/vigintile_0013": 9.989598063667084e-06,
    "entertainment/vigintile_0014": 3.8786229928783184e-05,
    "entertainment/vigintile_0015": 0.00015797288638549998,
    "entertainment/vigintile_0016": 0.0007102612047307536,
    "entertainment/vigintile_0017": 0.0034303438141588594,
    "entertainment/vigintile_0018": 0.017688986879686838,
    "entertainment/vigintile_0020": 0.07394619792966371,
    "fashion_and_beauty/vigintile_0012": 3.660934789702306e-10,
    "fashion_and_beauty/vigintile_0013": 2.0229348941204933e-09,
    "fashion_and_beauty/vigintile_0014": 9.771105272205864e-09,
    "fashion_and_beauty/vigintile_0015": 5.3782218583543094e-08,
    "fashion_and_beauty/vigintile_0016": 3.718712544685021e-07,
    "fashion_and_beauty/vigintile_0017": 3.318411066549549e-06,
    "fashion_and_beauty/vigintile_0018": 2.307395214702836e-05,
    "fashion_and_beauty/vigintile_0020": 0.00010050648628300296,
    "finance_and_business/vigintile_0011": 1.0243939374371832e-07,
    "finance_and_business/vigintile_0012": 5.794062187762954e-07,
    "finance_and_business/vigintile_0013": 2.9751014373966254e-06,
    "finance_and_business/vigintile_0014": 1.4663931947243145e-05,
    "finance_and_business/vigintile_0015": 7.619139971277262e-05,
    "finance_and_business/vigintile_0016": 0.00039879514253138564,
    "finance_and_business/vigintile_0017": 0.0019559628538072834,
    "finance_and_business/vigintile_0018": 0.008676044911128706,
    "finance_and_business/vigintile_0020": 0.029544955930651186,
    "food_and_dining/vigintile_0011": 3.1725520337962415e-08,
    "food_and_dining/vigintile_0012": 1.64778746623078e-07,
    "food_and_dining/vigintile_0013": 7.663515511183388e-07,
    "food_and_dining/vigintile_0014": 3.763656177465947e-06,
    "food_and_dining/vigintile_0015": 2.0695598679501736e-05,
    "food_and_dining/vigintile_0016": 0.00011824824924469653,
    "food_and_dining/vigintile_0017": 0.0006702343307311868,
    "food_and_dining/vigintile_0018": 0.0031025467811275683,
    "food_and_dining/vigintile_0020": 0.010169707630872726,
    "games/vigintile_0012": 4.117420216451364e-05,
    "games/vigintile_0013": 0.00013486175546763976,
    "games/vigintile_0014": 0.00035759517848743587,
    "games/vigintile_0015": 0.0009089607289577634,
    "games/vigintile_0016": 0.002324870850065377,
    "games/vigintile_0017": 0.0062693188766110184,
    "games/vigintile_0018": 0.018205919451067903,
    "games/vigintile_0020": 0.04067014596125433,
    "health/vigintile_0011": 2.926892450857692e-06,
    "health/vigintile_0012": 1.172180065025204e-05,
    "health/vigintile_0013": 4.0061808962918796e-05,
    "health/vigintile_0014": 0.0001398740311842657,
    "health/vigintile_0015": 0.0004895384989121349,
    "health/vigintile_0016": 0.0018356957308074057,
    "health/vigintile_0017": 0.0071593090159078185,
    "health/vigintile_0018": 0.027421104221369626,
    "health/vigintile_0020": 0.06232160140071633,
    "history_and_geography/vigintile_0013": 7.797253920193098e-07,
    "history_and_geography/vigintile_0014": 4.375187125741404e-06,
    "history_and_geography/vigintile_0015": 2.3069676634514862e-05,
    "history_and_geography/vigintile_0016": 0.00013487721015610098,
    "history_and_geography/vigintile_0017": 0.0009525225404795156,
    "history_and_geography/vigintile_0018": 0.006614964902032014,
    "history_and_geography/vigintile_0020": 0.019367967226094435,
    "home_and_hobbies/vigintile_0012": 3.054153896732959e-08,
    "home_and_hobbies/vigintile_0013": 1.6693981294628003e-07,
    "home_and_hobbies/vigintile_0014": 8.2197857605265e-07,
    "home_and_hobbies/vigintile_0015": 4.527252329313502e-06,
    "home_and_hobbies/vigintile_0016": 3.0240478940199195e-05,
    "home_and_hobbies/vigintile_0017": 0.0002388489932813189,
    "home_and_hobbies/vigintile_0018": 0.0016418154878010533,
    "home_and_hobbies/vigintile_0020": 0.007310016209876072,
    "industrial/vigintile_0011": 5.5758327670401984e-08,
    "industrial/vigintile_0012": 2.759642626153025e-07,
    "industrial/vigintile_0013": 1.1595054845992617e-06,
    "industrial/vigintile_0014": 5.05410906070702e-06,
    "industrial/vigintile_0015": 2.3380661870441487e-05,
    "industrial/vigintile_0016": 0.0001177810420559573,
    "industrial/vigintile_0017": 0.0006289574047603918,
    "industrial/vigintile_0018": 0.0031318841075157586,
    "industrial/vigintile_0020": 0.01183721980346896,
    "literature/vigintile_0013": 1.0944950029795162e-05,
    "literature/vigintile_0014": 4.306848730870972e-05,
    "literature/vigintile_0015": 0.00014914159522060353,
    "literature/vigintile_0016": 0.0005571001636737356,
    "literature/vigintile_0017": 0.0026610301423590074,
    "literature/vigintile_0018": 0.016063233731855902,
    "literature/vigintile_0020": 0.04876677368400712,
    "politics/vigintile_0011": 3.144540926402106e-08,
    "politics/vigintile_0012": 1.7246711876655366e-07,
    "politics/vigintile_0013": 8.228472964188999e-07,
    "politics/vigintile_0014": 4.154038169776773e-06,
    "politics/vigintile_0015": 2.2353298349768394e-05,
    "politics/vigintile_0016": 0.00012479446743157824,
    "politics/vigintile_0017": 0.0007543740745624461,
    "politics/vigintile_0018": 0.004383962693492192,
    "politics/vigintile_0020": 0.016412997479747768,